title,field_address_address_line1,field_address_locality,field_address_administrative_area,field_address_postal_code,field_address_country_code,field_venue_type,field_short_description,field_phone,field_website_uri,field_website_title,field_cuisine,field_claimed_listing,field_image,image_search_hint,field_latitude,field_longitude,field_tags,field_address_line1,field_city,field_state,field_zip,field_country,field_description,field_website,field_source,field_menu_url,field_cta,field_cta_title
"The Med Spa of New Smyrna Beach - New Smyrna Beach","115 N Orange St","New Smyrna Beach","FL","32168","US","Medical Spa","Medical spa offering injectables, facial aesthetics, body treatments, laser services, skincare and medical wellness programs.","386-689-5663","https://themedspansb.com/","The Med Spa of New Smyrna Beach","Medical Spa","0","","The Med Spa of New Smyrna Beach exterior","29.0248085","-80.9257382","medical spa,facials,laser treatments,injectables,wellness","115 N Orange St","New Smyrna Beach","FL","32168","US","The Med Spa of New Smyrna Beach provides physician-led aesthetic and wellness services including injectables, facial treatments, laser procedures, body treatments, skincare and medical weight-loss options for clients across Volusia County.","https://themedspansb.com/","https://themedspansb.com/","https://themedspansb.com/#services","https://themedspansb.com/contact-us/","Schedule a consultation"
"Natural Health Practices - Port Orange","4904 Clyde Morris Blvd Ste A","Port Orange","FL","32129","US","Wellness Center","Port Orange wellness practice offering chiropractic care, massage therapy, nutrition services, infrared sauna, PEMF therapy and other holistic treatments.","386-307-8207","https://www.naturalhealthpractices.com/","Natural Health Practices","Wellness","0","","Natural Health Practices Port Orange exterior","29.1174831","-81.0244613","wellness,chiropractic,massage,infrared sauna,nutrition,holistic health","4904 Clyde Morris Blvd Ste A","Port Orange","FL","32129","US","Natural Health Practices offers chiropractic care, massage therapy, nutrition coaching, infrared sauna, ionic detox, PEMF therapy and related holistic wellness services from its Port Orange office.","https://www.naturalhealthpractices.com/","https://www.naturalhealthpractices.com/specials/","https://www.naturalhealthpractices.com/our-services/","https://www.naturalhealthpractices.com/contact-us/","Request an appointment"
"Massage Envy - Port Orange","5501 S Williamson Blvd Suite 410","Port Orange","FL","32128","US","Massage Therapy","National massage and skincare clinic offering memberships, facials and massage therapy services.","386-788-3689","https://www.massageenvy.com","Massage Envy","Massage Therapy","0","","Massage Envy Port Orange exterior","29.1385","-81.0139","massage,spa,wellness","5501 S Williamson Blvd Suite 410","Port Orange","FL","32128","United States","Massage Envy - Port Orange provides therapeutic massage, stretch and skincare services with recurring member promotions and wellness programs.","https://www.massageenvy.com","Official website","https://www.massageenvy.com","",""
"Smyrna Bowling Center - New Smyrna Beach","1010 Wayne Ave","New Smyrna Beach","FL","32168","US","Bowling Alley","Family bowling center with leagues, open bowling and arcade.","386-428-3261","https://smyrnabowling.com","Smyrna Bowling Center","","0","","Smyrna Bowling Center lanes","29.0318","-80.9345","bowling,family","1010 Wayne Ave","New Smyrna Beach","FL","32168","United States","Local bowling center featuring recurring specials, league play and family entertainment.","https://smyrnabowling.com","Official website","https://smyrnabowling.com","",""
"Daytona Lagoon - Daytona Beach","601 Earl St","Daytona Beach","FL","32118","US","Attraction","Water park and family entertainment center on Daytona Beach.","386-254-5020","https://daytonalagoon.com","Daytona Lagoon","","0","","Daytona Lagoon entrance","29.2317","-81.0095","attraction,family","601 Earl St","Daytona Beach","FL","32118","United States","Daytona Lagoon offers seasonal water attractions, arcade, mini golf, laser tag and promotional admission offers throughout the year.","https://daytonalagoon.com","Official website","https://daytonalagoon.com/tickets","",""
"Pet Paradise - Port Orange","3761 S Nova Rd","Port Orange","FL","32129","US","Pet Grooming","Dog boarding, daycare and grooming facility.","386-761-7662","https://www.petparadise.com","Pet Paradise","","0","","Pet Paradise Port Orange","29.1204","-81.0027","pet grooming,dog daycare","3761 S Nova Rd","Port Orange","FL","32129","United States","Pet Paradise - Port Orange offers grooming, boarding and daycare with introductory offers for new guests.","https://www.petparadise.com","Official website","https://www.petparadise.com","",""
"Escape U - Daytona Beach","604 N Segrave St","Daytona Beach","FL","32114","US","Escape Room","Live escape room attraction with multiple themed rooms.","386-256-4499","https://escapeu.com","Escape U","","0","","Escape U Daytona","29.2170","-81.0377","escape room,entertainment","604 N Segrave St","Daytona Beach","FL","32114","United States","Escape U features themed escape adventures and periodically offers discounts for groups and advance bookings.","https://escapeu.com","Official website","https://escapeu.com/book","",""
"Woof Gang Bakery & Grooming - Ormond Beach","1474 W Granada Blvd Suite 425","Ormond Beach","FL","32174","US","Pet Grooming","Pet grooming salon and specialty pet boutique.","386-673-3647","https://woofgangbakery.com","Woof Gang Bakery","","0","","Woof Gang Ormond Beach","29.2865","-81.1038","pet grooming","1474 W Granada Blvd Suite 425","Ormond Beach","FL","32174","United States","Woof Gang Bakery & Grooming provides professional grooming services and seasonal promotional offers for pet owners.","https://woofgangbakery.com","Official website","https://woofgangbakery.com","",""
"Sport Clips Haircuts - Port Orange","5501 S Williamson Blvd Suite 620","Port Orange","FL","32128","US","Barber Shop","Hair salon specializing in men's and boys' haircuts with online check-in.","386-788-4247","https://sportclips.com","Sport Clips","","0","","Sport Clips Port Orange storefront","29.1386","-81.0141","barber,hair salon","5501 S Williamson Blvd Suite 620","Port Orange","FL","32128","United States","Sport Clips Haircuts - Port Orange provides men's and boys' haircuts, MVP upgrades and recurring promotional offers for new clients.","https://sportclips.com","Official website","https://sportclips.com","",""
"Great Clips - Edgewater","1837 S Ridgewood Ave","Edgewater","FL","32132","US","Hair Salon","Walk-in family hair salon offering online check-in.","386-423-8282","https://www.greatclips.com","Great Clips","","0","","Great Clips Edgewater","28.9743","-80.9046","hair salon","1837 S Ridgewood Ave","Edgewater","FL","32132","United States","Great Clips - Edgewater offers affordable haircuts with online check-in and recurring promotional coupons.","https://www.greatclips.com","Official website","https://www.greatclips.com","",""
"European Wax Center - Port Orange","5501 S Williamson Blvd Suite 510","Port Orange","FL","32128","US","Waxing Salon","Professional waxing salon offering facial and body waxing services.","386-760-9299","https://waxcenter.com","European Wax Center","","0","","European Wax Center Port Orange","29.1387","-81.0138","waxing,beauty","5501 S Williamson Blvd Suite 510","Port Orange","FL","32128","United States","European Wax Center - Port Orange provides professional waxing services and introductory offers for first-time guests.","https://waxcenter.com","Official website","https://waxcenter.com","",""
"Hand & Stone Massage and Facial Spa - Daytona Beach","2500 W International Speedway Blvd Suite 400","Daytona Beach","FL","32114","US","Spa","Massage and facial spa offering memberships and wellness services.","386-888-4950","https://handandstone.com","Hand & Stone","","0","","Hand & Stone Daytona Beach","29.1948","-81.1015","spa,massage","2500 W International Speedway Blvd Suite 400","Daytona Beach","FL","32114","United States","Hand & Stone Massage and Facial Spa - Daytona Beach offers massage, facials and recurring membership promotions.","https://handandstone.com","Official website","https://handandstone.com","",""
"Angell & Phelps Chocolate Factory - Daytona Beach","154 S Beach St","Daytona Beach","FL","32114","US","Local Attraction","Historic chocolate factory offering free guided tours and retail shop.","386-252-6531","https://angellandphelps.com","Angell & Phelps","","0","","Angell & Phelps Chocolate Factory","29.2099","-81.0130","attraction,tours","154 S Beach St","Daytona Beach","FL","32114","United States","Angell & Phelps Chocolate Factory offers complimentary factory tours and seasonal promotional events.","https://angellandphelps.com","Official website","https://angellandphelps.com/tours","",""
"Daytona Beach Zipline Adventure - Daytona Beach","1000 Orange Ave","Daytona Beach","FL","32114","US","Adventure Attraction","Outdoor aerial adventure park with zip lines and obstacle courses.","386-872-9888","https://daytonaziplineadventure.com","Daytona Beach Zipline Adventure","","0","","Daytona Beach Zipline Adventure","29.2008","-81.0427","zipline,attraction","1000 Orange Ave","Daytona Beach","FL","32114","United States","Daytona Beach Zipline Adventure features family-friendly aerial courses and occasional promotional admission offers.","https://daytonaziplineadventure.com","Official website","https://daytonaziplineadventure.com","",""
"Supercuts - Ormond Beach","1474 W Granada Blvd Suite 410","Ormond Beach","FL","32174","US","Hair Salon","Full-service hair salon offering haircuts, color and styling for the entire family.","386-673-4247","https://www.supercuts.com","Supercuts","","0","","Supercuts Ormond Beach storefront","29.2864","-81.1039","hair salon","1474 W Granada Blvd Suite 410","Ormond Beach","FL","32174","United States","Supercuts - Ormond Beach provides haircuts, color services and seasonal promotions for new and returning guests.","https://www.supercuts.com","Official website","https://www.supercuts.com/services","",""
"Fantastic Sams - Port Orange","3813 S Nova Rd","Port Orange","FL","32127","US","Hair Salon","Family hair salon providing cuts, color and styling services.","386-756-0200","https://fantasticsams.com","Fantastic Sams","","0","","Fantastic Sams Port Orange","29.1165","-81.0058","hair salon","3813 S Nova Rd","Port Orange","FL","32127","United States","Fantastic Sams - Port Orange offers haircut, color and styling services with recurring promotional offers and coupons.","https://fantasticsams.com","Official website","https://fantasticsams.com/services","",""
"Planet 14 Laser Tag & Arcade - Daytona Beach","2400 S Ridgewood Ave","South Daytona","FL","32119","US","Family Entertainment","Indoor laser tag arena and arcade featuring birthday parties and group events.","386-238-4272","https://planet14daytona.com","Planet 14","","0","","Planet 14 Laser Tag","29.1706","-81.0089","laser tag,arcade","2400 S Ridgewood Ave","South Daytona","FL","32119","United States","Planet 14 Laser Tag & Arcade offers laser tag, arcade games and recurring specials for families and groups.","https://planet14daytona.com","Official website","https://planet14daytona.com","",""
"PawZazz Pet Salon - New Smyrna Beach","1964 State Road 44","New Smyrna Beach","FL","32168","US","Pet Grooming","Professional pet grooming salon serving dogs and cats.","386-426-7299","https://pawzazzpetsalon.com","PawZazz Pet Salon","","0","","PawZazz Pet Salon","29.0078","-80.9468","pet grooming","1964 State Road 44","New Smyrna Beach","FL","32168","United States","PawZazz Pet Salon - New Smyrna Beach provides full-service pet grooming with recurring specials for new clients.","https://pawzazzpetsalon.com","Official website","https://pawzazzpetsalon.com","",""
"Magic Nails & Spa - Port Orange","3761 S Nova Rd Suite G","Port Orange","FL","32129","US","Nail Salon","Nail salon offering manicures, pedicures and spa services.","386-761-1888","https://magicnailsportorange.com","Magic Nails & Spa","","0","","Magic Nails & Spa Port Orange","29.1206","-81.0029","nail salon,spa","3761 S Nova Rd Suite G","Port Orange","FL","32129","United States","Magic Nails & Spa - Port Orange provides nail care and spa treatments with occasional seasonal promotions.","https://magicnailsportorange.com","Official website","https://magicnailsportorange.com","",""
"Tomoka Outpost - Ormond Beach","2099 N Beach St","Ormond Beach","FL","32174","US","Local Attraction","Outdoor recreation outfitter offering kayak, canoe and bike rentals.","386-673-0022","https://tomokaoutpost.com","Tomoka Outpost","","0","","Tomoka Outpost","29.3463","-81.0829","attraction,kayak","2099 N Beach St","Ormond Beach","FL","32174","United States","Tomoka Outpost - Ormond Beach offers kayak and canoe rentals, eco-tours and recurring seasonal rental promotions.","https://tomokaoutpost.com","Official website","https://tomokaoutpost.com/rentals","",""
"Sola Salon Studios - Port Orange","5501 S Williamson Blvd Suite 300","Port Orange","FL","32128","US","Hair Salon","Private salon studios housing independent hair, nail and beauty professionals.","386-310-7944","https://www.solasalonstudios.com","Sola Salon Studios","","0","","Sola Salon Studios Port Orange","29.1384","-81.0140","hair salon,beauty","5501 S Williamson Blvd Suite 300","Port Orange","FL","32128","United States","Sola Salon Studios - Port Orange offers a variety of independently owned beauty studios with recurring grand opening and stylist promotions.","https://www.solasalonstudios.com","Official website","https://www.solasalonstudios.com/locations/port-orange","",""
"PetSmart Grooming - Daytona Beach","1900 W International Speedway Blvd","Daytona Beach","FL","32114","US","Pet Grooming","Professional dog grooming services inside PetSmart.","386-258-0056","https://www.petsmart.com","PetSmart","","0","","PetSmart Grooming Daytona Beach","29.1942","-81.0708","pet grooming","1900 W International Speedway Blvd","Daytona Beach","FL","32114","United States","PetSmart Grooming - Daytona Beach provides bathing and grooming services with recurring offers for new grooming clients.","https://www.petsmart.com","Official website","https://services.petsmart.com/grooming","",""
"Daytona Escape Game - Daytona Beach","119 S Palmetto Ave","Daytona Beach","FL","32114","US","Escape Room","Interactive escape room attraction featuring multiple themed adventures.","386-333-9600","https://daytonaescapegame.com","Daytona Escape Game","","0","","Daytona Escape Game","29.2090","-81.0165","escape room","119 S Palmetto Ave","Daytona Beach","FL","32114","United States","Daytona Escape Game offers private escape experiences for families, friends and corporate groups with recurring booking promotions.","https://daytonaescapegame.com","Official website","https://daytonaescapegame.com/book","",""
"Launch Credit Union Event Center - Port Orange","5200 S Clyde Morris Blvd","Port Orange","FL","32127","US","Local Attraction","Community event venue hosting expos, craft fairs and seasonal public events.","386-322-3070","https://www.cityofportorange.com","Launch Credit Union Event Center","","0","","Launch Credit Union Event Center","29.1358","-81.0448","events,attraction","5200 S Clyde Morris Blvd","Port Orange","FL","32127","United States","Launch Credit Union Event Center - Port Orange hosts recurring public events, festivals and community promotions throughout the year.","https://www.cityofportorange.com","City of Port Orange","https://www.cityofportorange.com","",""
"Suds Up Car Wash - Edgewater","1720 S Ridgewood Ave","Edgewater","FL","32132","US","Car Wash","Express exterior car wash offering unlimited membership plans.","386-847-8550","https://sudsupcarwash.com","Suds Up Car Wash","","0","","Suds Up Car Wash Edgewater","28.9781","-80.9029","car wash,detailing","1720 S Ridgewood Ave","Edgewater","FL","32132","United States","Suds Up Car Wash - Edgewater provides express washes, unlimited wash memberships and recurring promotional discounts.","https://sudsupcarwash.com","Official website","https://sudsupcarwash.com/unlimited","",""
"Ocean Nails & Spa - New Smyrna Beach","1982 State Road 44","New Smyrna Beach","FL","32168","US","Nail Salon","Full-service nail salon offering manicures, pedicures and waxing.","386-410-4747","https://oceannailsnsb.com","Ocean Nails & Spa","","0","","Ocean Nails & Spa New Smyrna Beach","29.0075","-80.9460","nail salon","1982 State Road 44","New Smyrna Beach","FL","32168","United States","Ocean Nails & Spa - New Smyrna Beach provides nail care and spa services with recurring seasonal customer promotions.","https://oceannailsnsb.com","Official website","https://oceannailsnsb.com","",""
"Woof Gang Bakery & Grooming - Port Orange","3821 S Nova Rd","Port Orange","FL","32127","US","Pet Grooming","Boutique pet grooming salon offering professional grooming and specialty pet products.","386-767-9663","https://woofgangbakery.com","Woof Gang Bakery","","0","","Woof Gang Bakery Port Orange","29.1169","-81.0060","pet grooming,dog spa","3821 S Nova Rd","Port Orange","FL","32127","United States","Woof Gang Bakery & Grooming - Port Orange provides full-service dog grooming, spa treatments and seasonal promotions for pet owners.","https://woofgangbakery.com","Official website","https://woofgangbakery.com","",""
"The Spa at Riverview - New Smyrna Beach","103 Flagler Ave","New Smyrna Beach","FL","32169","US","Spa","Day spa offering massage therapy, facials and body treatments.","386-427-7414","https://spaatriverview.com","The Spa at Riverview","","0","","The Spa at Riverview","29.0255","-80.9205","spa,massage","103 Flagler Ave","New Smyrna Beach","FL","32169","United States","The Spa at Riverview - New Smyrna Beach offers massage, skincare and wellness services with recurring seasonal specials.","https://spaatriverview.com","Official website","https://spaatriverview.com/services","",""
"Pawfection Pet Salon - Edgewater","2006 S Ridgewood Ave","Edgewater","FL","32141","US","Pet Grooming","Professional grooming salon for dogs and cats.","386-409-8008","https://pawfectionpetsalon.com","Pawfection Pet Salon","","0","","Pawfection Pet Salon Edgewater","28.9719","-80.9021","pet grooming","2006 S Ridgewood Ave","Edgewater","FL","32141","United States","Pawfection Pet Salon - Edgewater provides grooming packages, baths and nail trims with introductory offers for new clients.","https://pawfectionpetsalon.com","Official website","https://pawfectionpetsalon.com","",""
"Altitude Trampoline Park - Daytona Beach","250 N Atlantic Ave","Daytona Beach","FL","32118","US","Family Entertainment","Indoor trampoline park featuring open jump sessions, dodgeball and birthday parties.","386-999-2586","https://www.altitudetrampolinepark.com","Altitude Trampoline Park","","0","","Altitude Trampoline Park Daytona Beach","29.2290","-81.0083","family entertainment,trampoline","250 N Atlantic Ave","Daytona Beach","FL","32118","United States","Altitude Trampoline Park - Daytona Beach offers indoor attractions and recurring promotions for families and groups.","https://www.altitudetrampolinepark.com","Official website","https://www.altitudetrampolinepark.com","",""
"GameTime - Daytona Beach","250 N Atlantic Ave Suite 120","Daytona Beach","FL","32118","US","Family Entertainment","Entertainment venue featuring arcade games, bowling, sports viewing and events.","386-888-3655","https://www.gametimeplayers.com","GameTime","","0","","GameTime Daytona Beach","29.2292","-81.0081","arcade,bowling","250 N Atlantic Ave Suite 120","Daytona Beach","FL","32118","United States","GameTime - Daytona Beach offers arcade games, bowling and recurring family entertainment promotions.","https://www.gametimeplayers.com","Official website","https://www.gametimeplayers.com","",""
"AutoSpa Express - Daytona Beach","1725 W International Speedway Blvd","Daytona Beach","FL","32114","US","Car Wash","Express exterior car wash with unlimited wash memberships.","386-777-9274","https://autospaexpress.com","AutoSpa Express","","0","","AutoSpa Express Daytona Beach","29.1938","-81.0668","car wash","1725 W International Speedway Blvd","Daytona Beach","FL","32114","United States","AutoSpa Express - Daytona Beach offers express washes, detailing upgrades and promotional unlimited membership plans.","https://autospaexpress.com","Official website","https://autospaexpress.com","",""
"SalonCentric Academy - Daytona Beach","1350 W International Speedway Blvd","Daytona Beach","FL","32114","US","Hair Salon","Cosmetology training salon offering discounted hair, nail and skincare services performed by supervised students.","386-317-6400","https://www.saloncentric.com","SalonCentric Academy","","0","","SalonCentric Academy Daytona Beach","29.1935","-81.0596","hair salon,beauty school","1350 W International Speedway Blvd","Daytona Beach","FL","32114","United States","SalonCentric Academy - Daytona Beach provides supervised salon services at promotional pricing while students complete professional training.","https://www.saloncentric.com","Official website","https://www.saloncentric.com","",""
"Bark Avenue Pet Salon - Ormond Beach","555 W Granada Blvd Suite H5","Ormond Beach","FL","32174","US","Pet Grooming","Independent pet grooming salon specializing in dogs of all breeds.","386-615-1223","https://barkavenuepetsalon.com","Bark Avenue Pet Salon","","0","","Bark Avenue Pet Salon Ormond Beach","29.2855","-81.0902","pet grooming","555 W Granada Blvd Suite H5","Ormond Beach","FL","32174","United States","Bark Avenue Pet Salon - Ormond Beach offers full-service grooming, bathing and seasonal customer appreciation promotions.","https://barkavenuepetsalon.com","Official website","https://barkavenuepetsalon.com","",""
"Escape Artists - Ormond Beach","1288 Ocean Shore Blvd","Ormond Beach","FL","32176","US","Escape Room","Beachside escape room featuring private themed adventures for families and groups.","386-310-7144","https://escapeartistsfl.com","Escape Artists","","0","","Escape Artists Ormond Beach","29.3339","-81.0551","escape room","1288 Ocean Shore Blvd","Ormond Beach","FL","32176","United States","Escape Artists - Ormond Beach offers private escape room experiences with recurring group booking promotions.","https://escapeartistsfl.com","Official website","https://escapeartistsfl.com/book","",""
"Victory Lanes Sports Complex - Daytona Beach","2400 S Ridgewood Ave","South Daytona","FL","32119","US","Bowling Alley","Family bowling center with leagues, arcade and event hosting.","386-255-7585","https://victorylanes.com","Victory Lanes","","0","","Victory Lanes Sports Complex","29.1707","-81.0090","bowling,family entertainment","2400 S Ridgewood Ave","South Daytona","FL","32119","United States","Victory Lanes Sports Complex offers league bowling, open play and recurring weekly bowling promotions.","https://victorylanes.com","Official website","https://victorylanes.com","",""
"Blue Water Spa - New Smyrna Beach","300 Flagler Ave","New Smyrna Beach","FL","32169","US","Spa","Boutique spa providing massage therapy, facials and wellness treatments.","386-424-0400","https://bluewaterspa.com","Blue Water Spa","","0","","Blue Water Spa New Smyrna Beach","29.0259","-80.9192","spa,massage","300 Flagler Ave","New Smyrna Beach","FL","32169","United States","Blue Water Spa - New Smyrna Beach provides massage, skincare and body treatments with recurring seasonal wellness offers.","https://bluewaterspa.com","Official website","https://bluewaterspa.com/services","",""
"Magic Car Wash - Port Orange","4601 Clyde Morris Blvd","Port Orange","FL","32129","US","Car Wash","Express car wash with unlimited membership packages and free vacuums.","386-761-9274","https://magiccarwashfl.com","Magic Car Wash","","0","","Magic Car Wash Port Orange","29.1468","-81.0235","car wash","4601 Clyde Morris Blvd","Port Orange","FL","32129","United States","Magic Car Wash - Port Orange offers express washes, unlimited plans and recurring introductory membership promotions.","https://magiccarwashfl.com","Official website","https://magiccarwashfl.com","",""
"Orlando Nail Salon - Orlando","1010 Arthur Ave Suite B","Orlando","FL","32804","US","Nail Salon","Orlando nail salon offering manicures, pedicures, gel services, Dazzle Dry treatments and discounted service combinations.","407-898-7791","https://nailsalonorlando.com/","Orlando Nail Salon","Nail Salon","0","","Orlando Nail Salon Arthur Avenue Orlando","28.5876766","-81.3945872","nail salon,manicure,pedicure,gel nails,beauty","1010 Arthur Ave Suite B","Orlando","FL","32804","US","Orlando Nail Salon provides manicure and pedicure services including gel and Dazzle Dry treatments, combination packages and a monthly nail-service membership from its Arthur Avenue location.","https://nailsalonorlando.com/","https://nailsalonorlando.com/specials/","https://nailsalonorlando.com/services/","https://nailsalonorlando.com/contact/","Book an appointment"
"Primrose Lanes - Orlando","400 N Primrose Dr","Orlando","FL","32803","US","Bowling Alley","Retro Orlando entertainment venue combining eight bowling lanes with roller skating, arcade games, private karaoke and other social activities.","407-745-0862","https://www.primroselanes.com/","Primrose Lanes","Bowling","0","","Primrose Lanes Orlando exterior bowling","28.5482","-81.3475","bowling,roller skating,arcade,karaoke,entertainment","400 N Primrose Dr","Orlando","FL","32803","US","Primrose Lanes is a restored Orlando bowling venue featuring eight vintage wood lanes alongside roller skating, arcade games, private karaoke and group entertainment in the Milk District.","https://www.primroselanes.com/","https://www.primroselanes.com/","https://www.primroselanes.com/","https://www.primroselanes.com/","Book a lane"
"The Escape Effect - Orlando","11701 International Dr Suite 420","Orlando","FL","32821","US","Escape Room","Locally operated International Drive escape-room attraction offering private story-driven games lasting from 75 minutes to two hours.","855-426-3372","https://theescapeeffect.com/","The Escape Effect","Escape Room","0","","The Escape Effect International Drive Orlando","28.3937210","-81.4651747","escape room,attraction,puzzles,group activity,entertainment","11701 International Dr Suite 420","Orlando","FL","32821","US","The Escape Effect offers immersive private escape-room adventures on International Drive, including extended 75-, 90- and 120-minute experiences with multiple recurring discounts for families, residents and other guests.","https://theescapeeffect.com/","https://theescapeeffect.com/offers","https://theescapeeffect.com/escape-rooms","https://theescapeeffect.com/","Book an escape room"
"Auto Paradise Car Wash - Orlando","7300 S Orange Blossom Trl","Orlando","FL","32809","US","Car Wash","Orlando car wash and detailing center offering express washes, interior cleaning, detailing and unlimited wash memberships.","407-286-0979","https://www.autoparadisewash.com/","Auto Paradise Car Wash & Detail","Car Wash","0","","Auto Paradise Car Wash Orlando Orange Blossom Trail","28.4635","-81.3972","car wash,auto detailing,unlimited wash,vehicle care","7300 S Orange Blossom Trl","Orlando","FL","32809","US","Auto Paradise Car Wash & Detail provides express exterior washes, interior cleaning, detailing services, free vacuums and unlimited wash programs at its South Orange Blossom Trail Orlando location.","https://www.autoparadisewash.com/","https://www.autoparadisewash.com/deals","https://www.autoparadisewash.com/","https://www.autoparadisewash.com/deals","View wash deals"
"Lotus Blossom Spa - Orlando","10249 S John Young Pkwy Suite 106","Orlando","FL","32837","US","Spa","Orlando day spa offering massage therapy, skincare, acupuncture, infrared sauna, body treatments and waxing.","407-674-7986","https://www.lotusblossommassage.com/","Lotus Blossom Spa","Spa","0","","Lotus Blossom Spa Orlando John Young Parkway","28.4172765","-81.4226746","spa,massage,facial,sauna,wellness,acupuncture","10249 S John Young Pkwy Suite 106","Orlando","FL","32837","US","Lotus Blossom Spa is an Orlando wellness and day spa offering massage therapy, facials, acupuncture, infrared sauna sessions, body treatments and waxing, with recurring packages and promotional spa offers.","https://www.lotusblossommassage.com/","https://www.lotusblossommassage.com/specials","https://www.lotusblossommassage.com/","https://www.lotusblossommassage.com/","Book a spa service"
"WonderWorks - Orlando","9067 International Dr","Orlando","FL","32819","US","Attraction","Interactive indoor Orlando attraction featuring more than 100 hands-on exhibits, physical challenges, laser tag and family entertainment.","407-351-8800","https://www.wonderworksonline.com/orlando/","WonderWorks Orlando","Attraction","0","","WonderWorks Orlando International Drive upside down building","28.4337802","-81.4715362","attraction,family entertainment,interactive exhibits,laser tag,indoor activity","9067 International Dr","Orlando","FL","32819","US","WonderWorks Orlando is an indoor interactive attraction on International Drive featuring more than 100 hands-on exhibits along with physical challenges and family entertainment inside its landmark upside-down building.","https://www.wonderworksonline.com/orlando/","https://www.wonderworksonline.com/orlando/","https://www.wonderworksonline.com/orlando/","https://wonderworksorlando.centeredgeonline.com/","Buy tickets"
"Gatorland - Orlando","14501 S Orange Blossom Trl","Orlando","FL","32837","US","Attraction","Long-running Orlando wildlife attraction featuring alligators, crocodiles, animal exhibits, shows, ziplining and outdoor experiences.","407-855-5496","https://www.gatorland.com/","Gatorland","Attraction","0","","Gatorland Orlando entrance","28.3557168","-81.4018455","attraction,wildlife,alligators,family activity,zipline","14501 S Orange Blossom Trl","Orlando","FL","32837","US","Gatorland is a 110-acre Orlando wildlife and entertainment attraction operating since 1949, with alligators and crocodiles, animal exhibits, live experiences, a petting zoo, zipline and other family activities.","https://www.gatorland.com/","https://www.gatorland.com/","https://www.gatorland.com/","https://www.gatorland.com/","Buy admission"
